hours,kcal
2.496714153011233,282.1515947805401
1.8617356988288154,405.2795092007882
2.6476885381006925,114.43211341248917
3.5230298564080256,376.4054796345723
1.765846625276664,387.22596347483403
1.7658630430508195,154.86268373142954
3.5792128155073915,276.0118684143756
2.767434729152909,273.9991393802946
1.5305256140650478,201.4741813697525
2.5425600435859645,245.55283186863872
1.5365823071875377,222.25969081739197
1.534270246429743,422.65893103965357
2.241962271566034,365.4974875203223
0.08671975534220211,389.0088566495911
0.27508216748696723,350.51704448302644
1.4377124707590272,220.96637601479395
0.9871688796655762,263.28358136041584
2.314247332595274,334.2562192859543
1.0919759244787892,214.45105337756382
0.5876962986647085,349.90989011206716
3.465648768921554,283.17722212893057
1.7742236995134644,273.76254347152815
2.0675282046879238,349.76719777424444
0.5752518137865432,331.09843180402277
1.4556172754748173,274.7323683926644
2.1109225897098662,381.15308623549737
0.8490064225776972,224.3255670680072
2.375698018345672,343.11549248609845
1.399361310081195,341.51708805778685
1.7083062502067232,278.3317492480207
1.398293387770603,322.82931155694826
3.852278184508938,212.4220496530288
1.986502775262066,364.68189134448306
0.9422890710440996,287.05685044899076
2.822544912103189,263.4093885636672
0.7791563500289778,373.43064580858226
2.2088635950047553,250.69594166200685
0.04032987612022443,201.4077092545508
0.6718139511015695,191.03595785332675
2.1968612358691235,342.4206965941948
2.7384665799954107,210.36994532526018
2.1713682811899706,422.8355927389055
1.8843517176117595,154.26494144813947
1.6988963044107113,418.75194578030266
0.5214780096325726,314.7712227041833
1.2801557916052912,293.23008216907255
1.5393612290402126,261.8556639233735
3.0571222262189157,327.93952800464496
2.3436182895684614,297.3655708302606
0.23695984463726605,377.2311317411565
2.324083969394795,307.99593540634277
1.6149177195836835,310.52112330233143
1.3230779996940414,274.5471451450301
2.6116762888408678,296.0138063395253
3.030999522495951,321.54612382244414
2.931280119116199,180.28821251403622
1.1607824767773613,205.6270204526001
1.6907876241487854,352.0284865815901
2.331263431403564,311.9605806689559
2.975545127122359,287.12116645531245
1.52082576215471,301.29037531457755
1.814341023336183,324.33071937531696
0.8936650259939718,262.2168223783447
0.8037933759193292,245.5186692218381
2.812525822394198,313.7091678568377
3.3562400285708227,231.51390556694776
1.927989878419666,328.577692900013
3.003532897892024,180.81914770335118
2.361636025047634,372.04089461279506
1.3548802453948756,333.081823768913
2.361395605508414,317.9220814019713
3.538036566465969,368.788368876186
1.9641739608900484,416.58321111238035
3.564643655814006,371.0059045512691
-0.6197451040897444,171.13880380678484
2.821902504375224,210.4296123285009
2.087047068238171,256.2626995613025
1.7009926495341325,301.82637351475836
2.0917607765355024,336.2361314328386
0.0124310853991072,249.1979330792574
1.780328112162488,313.0736735133955
2.3571125715117462,247.12319473526742
3.4778940447415163,257.1937537905636
1.4817297817263526,201.53372322062444
1.1915063971068123,235.37367277223672
1.4982429564154636,205.38207760685663
2.915402117702074,231.6888722915867
2.3287511096596845,373.75492576254874
1.4702397962329612,233.542077781764
2.513267433113356,484.26674453861733
2.0970775493480405,334.53225306166223
2.9686449905328893,312.9385286586412
1.2979469061226476,239.91495538731505
1.6723378534022317,349.0216915586294
1.6078918468678425,259.7053521633558
0.5364850518678814,308.5406870251753
2.296120277064576,479.20591767881564
2.261055272179889,293.2758070192745
2.005113456642461,380.44913283999733
1.7654128666248532,250.77765024118787
0.5846292579495858,297.5508056652127
1.579354677234641,423.9560444944857
1.6572854834732305,256.1123059548563
1.197722730778381,426.871399059785
1.8387142883339909,349.5426354818833
2.4040508568145382,260.62732568740125
3.8861859012105304,344.2685417338865
2.174577812831839,368.0788114738711
2.2575503907227645,343.52669735520374
1.9255540842338328,190.08426960766803
0.08122878470095851,249.1003976922592
1.973486124550783,282.67369551139467
2.0602302099410266,294.7896599629968
4.463242112485286,343.44704682854746
1.8076390352188776,312.43907006532777
2.3015473423336124,206.52589489029293
1.9652882302947567,326.6138495704174
0.831321962380468,342.7410021698676
3.1428228145150205,339.18533135517276
2.7519330326867744,375.6546507888235
2.791031947043047,358.3745508184233
1.090612545205261,332.1426055459906
3.402794310936099,295.0884001978947
0.5981489372077191,183.73273465388058
2.5868570938002704,330.073275339281
4.190455625809978,314.53813810141776
1.0094636748693118,319.01051860367613
1.433702270397228,210.62759969257834
2.099651365087641,224.32604217142165
1.4965243458838007,373.72069973330326
0.4493365689338673,297.23113923003416
2.0685629748060275,347.7050488160837
0.9376962862738951,301.9822863291323
2.4735924306351817,302.08292976470216
1.0805757657661967,365.6798664183198
3.5499344050175394,263.87686902478384
1.2167467076637628,306.7284543858688
1.6779384837943243,267.640729790647
2.81351721736967,269.5852640797379
0.7691356835660448,278.35795135719525
2.2274599346041293,315.5493640143599
3.3071427542824283,266.48759648355656
0.39251676543877245,387.90292879014646
2.184633858532304,237.37748884463474
2.2598827942484236,286.9189849087049
2.7818228717773104,269.2188259208078
0.763049289121918,401.2884519047613
0.6795433869157237,313.7588343558102
2.5219415656168978,372.22911776280444
2.2969846732331862,196.01077388741197
2.2504928503458768,318.6935186108481
2.346448209496976,362.2741556936406
1.3199752784215093,305.7598792492797
2.2322536971610036,374.5836262545746
2.293072473298681,263.789808492974
1.285648581973632,398.6543208129906
3.865774511144757,460.9228686533475
2.4738329209117875,274.6013007692239
0.8086965027973514,268.81482350194597
2.6565536086338297,401.73691339823904
1.0253183297726784,410.57005020114985
2.787084603742452,263.3997980992712
3.158595579007404,270.58692280329
1.1793176816482895,280.2750773797645
2.9633761292443217,205.8884642276006
2.4127809269364984,235.69436374610612
2.82206015999449,229.71014632735523
3.896792982653947,246.254170442711
1.7546118839971294,297.5720578829253
1.2462638356425104,316.3950312775564
1.1104855703744767,408.53503449698536
1.1841897150345617,230.11521714828461
1.9228982905858958,368.90256789336087
2.341151974816644,285.02078090421435
2.276690799330019,296.5375403243297
2.8271832490360236,347.23736445166224
2.013001891877907,221.4094584906391
3.453534077157317,326.7686822328835
1.735343166762044,311.65165457491395
4.720169166589619,334.47158848057046
2.625667347765006,320.24180507354725
1.1428424435837174,471.8710097937626
0.9291075019388877,255.3582011024079
2.482472415243185,262.83021314987275
1.7765372146741492,256.3801631502665
2.714000494092092,261.1166016587822
2.473237624573545,255.38290108854375
1.9271710873431271,383.23115717752864
1.153206281931595,399.43529735928985
0.48515277531413536,260.0477594375367
1.553485047932979,241.735109882704
2.8563987943234723,332.9990889470483
2.2140937441302038,261.344386900332
0.754261221288012,344.30522724288573
2.173180925851182,314.204611459591
2.385317379728837,193.89791195019376
1.1161425637988671,408.3253640931043
2.153725105945528,425.7114371166865
2.058208718446,257.104791666093
0.8570297021693769,272.86089080448113
2.3577873603482833,320.01057735074335
2.5607845263682343,323.41197529909175
3.083051243175277,346.09809908709815
3.0538020520349027,440.7143177136445
0.622330632042909,287.61369407541656
1.062174960084877,244.11919288230825
2.5150352672086598,203.4476540389831
2.513785950912209,248.83489720406567
2.515047686306048,297.6811118988342
5.852731490654721,425.6190504462451
2.570890510693167,263.767209067468
3.135565640180599,315.6651566147229
2.9540017634932023,298.8503972749074
2.651391251305798,383.18752914136587
1.6847307553596544,476.88526981115353
2.7589692204932676,262.83918589557754
1.2271747854624282,265.73923902372445
1.7631813932599911,373.09126139483504
1.5146364521708966,347.7324042738418
2.0818741393863225,429.26951280152235
4.314658566673509,340.8749729728175
0.13273480740825194,274.8495536449058
2.6862601903745134,341.34583814846167
0.38728412881034835,377.60925064080357
1.5280681342105664,357.4337526838155
3.088950596967366,335.50918217751087
2.0642800190954627,374.6672282712408
0.9222552220706939,381.8506913311971
1.2846962907400319,396.7511293726269
2.679597748934676,345.409692131275
1.2696333682828633,288.3017343778202
2.216458589581975,310.2699580503326
2.045571839903814,384.455627655585
1.3483996523941828,242.8145030308935
4.143944089325325,325.80713162110305
2.633919022318011,272.46628313708476
-0.025142586657607158,302.0121376054372
2.1864543147694278,389.4916303825109
1.338213535231612,313.3769347613932
2.852433334796224,303.25055837093043
1.2074792615672993,204.81007013140567
1.885263558533101,352.23774962190544
2.5049872789804573,345.18389267987527
2.8657551941701214,451.4278306313822
0.7997035929442238,278.45552355328994
1.6654987641590515,315.34052293647574
1.525054688839044,317.45685785975286
1.346670767426288,410.4217295834432
3.765454240281097,293.32931273291337
2.4049817109609557,319.5315068039238
0.7391160456649548,342.55275568015776
2.917861947054776,313.06263862094505
4.122156197012633,268.749646981463
3.032465260551147,313.5862995028815
0.4806300340459866,375.15422249018405
1.5157659271337487,228.1439290412258
3.2669111491866225,309.3078771902813
1.2923305343812193,250.99154295425788
2.443819428146228,383.653264024739
2.7746340534293368,193.37691666513575
1.0730695284219172,260.87547069098883
1.9404746439382,326.40483125451647
-1.2412673400690726,409.58668204640384
0.9756123586657102,295.39748172489084
1.7474318486068396,261.1360331314761
0.7522168180351505,431.68099486084134
3.6324113039316352,198.63902697086291
0.5698586220393673,146.08358303659426
1.5599555133030163,330.80101150373326
2.1307405772860912,264.85620429531724
3.4412732890661157,228.51370280085007
0.5641378488205606,349.58495131095475
3.1631637521549596,317.0660499639839
2.010233061019587,260.514495848429
1.018491348952049,210.3786920930374
2.462103474263271,361.0720129796101
2.19905969557347,345.51408245710627
1.3997831228412054,293.0576895354432
2.0698020849900187,429.2645897233366
1.6146864031382397,225.0940663571693
2.113517345251248,193.21323803526826
2.6621306745210465,251.56643510831287
3.586016816145352,296.80897885511513
0.762184501173151,317.0337614525884
4.133033374656266,283.1134759500569
0.04791220047749811,324.6438777560008
1.8482149049644168,212.3922403066689
2.5883172064845765,401.06352228512816
2.2809918677350325,294.2494175125202
1.3773004801794062,378.21070821116894
1.7918777496427247,323.9907742464393
1.5069990653411671,331.9727253407649
1.4106352430557885,339.8837096162543
2.8496020970210245,331.339599201212
2.3570154859650474,344.9905931907281
1.3070904047393457,393.0406771092702
2.8995998754332506,313.7564818791029
2.3072995208766094,349.63026303119585
2.81286211883896,293.71850139989414
2.629628841923612,400.8082050814631
1.1710049890779277,252.6525388558511
1.4398189598030304,426.0658303037571
2.7472936051232617,297.18894345489593
2.610370265433465,199.84574285173665
1.9790984060358519,308.9673090437552
2.117327383308782,252.32638397675834
3.277664895788425,358.8450484292107
1.4084286111641702,254.31632144883264
2.5470973811700377,268.7671596749654
1.7978073475661058,167.73214883381283
1.7823187967727798,268.33855765256465
3.09877685198719,130.32844713597302
2.8254163489880297,189.12680235599936
2.8135096360006386,353.2290259301008
3.305478807154329,355.00601110555823
2.021003841632759,329.78202932494753
2.681952971294964,232.3116699809551
1.689733243406544,296.6602050700614
2.324166352488442,299.7478222636602
1.8698569456323155,218.914471756522
2.0969959649927183,405.23788112370056
2.5951570254369134,361.415360340297
1.1817793167665274,284.5325078319235
4.092387275685461,301.88200872961716
0.993982618500298,314.5867965563287
0.7858113872122678,157.07855921029966
3.1581108735000676,282.69758322355824
2.7916626939629356,252.2611026401541
2.624119817052155,229.8865993073559
2.62834550926428,280.32297949798317
1.9877532271530853,425.8380568794666
1.1027456285141684,344.8590002886907
2.0758045581937266,260.01747071520424
1.3228382884878882,340.0807946949311
2.9751197334177513,397.95488056102016
1.8529426184978615,364.72435780389384
1.1745028032074885,304.1741258944122
1.6786141583470067,254.7144255606098
2.412931454275624,348.87563195295127
1.4362754471960253,327.5439769795225
1.1777796044335687,362.66352540194123
2.2436872114919124,344.4620261177379
2.2449665711087228,373.46869007235347
1.4930568246288702,262.53353519076023
1.5289616943816773,392.2175845944028
2.2320499373576363,313.831972328468
0.5519156585026759,445.2682610837686
0.5925362256234448,251.75685273373026
1.281555778747564,421.5174662215675
1.7865528482881528,313.85375484238534
2.3109075655980047,254.40073974698862
3.475356216949552,266.1279916161975
2.8576596232020193,277.57568842639756
1.840061470036573,329.69161624813415
1.9809837920973112,336.59848416248497
0.9974706353621912,259.8409997242995
1.98148686400761,298.2951785417312
1.7113413610798616,449.95892510283045
2.3227185603380893,420.9280219070498
1.172769056447677,330.54265687718225
2.5193465142411724,302.66024347177404
3.5327389130025777,308.40219287027827
1.8912398515431423,342.94625809112915
2.4017117220989412,228.40452043611162
2.6901439917111123,281.98364238036584
1.5987795281141637,183.19911482856872
2.2240924818104166,327.94561858236955
2.012592400781795,345.30371577919186
2.0976760985488316,266.1769476390438
1.2269902161445336,410.1790734303023
2.0245101742589426,214.1964035898361
2.49799829124545,197.4937583853126
3.451143607795042,315.711627299198
2.959270826085207,373.2968811828508
4.153182457511557,417.8749384020508
1.2326524371119505,267.8781015991742
2.872320636720678,375.5076583401907
2.1833420057383517,297.3044071349505
4.189802933217672,287.91608900414263
1.1917017146448485,361.8561956240671
1.1602781578192238,345.66260148893934
1.4006073545559778,189.65254901110254
-0.12389572430980689,403.3578244808127
1.474244978319239,396.6063947903216
1.240867338446302,256.21061089433294
2.1503937864762075,327.70624734061863
2.3417559757771595,334.5821130397917
3.8761708392158862,318.2471636076735
2.95042383818605,261.4786392308206
1.4230963443375968,252.9863642443364
1.101585328651642,298.21121503059885
2.4919191715065057,382.0910313481555
0.6797667929793578,338.0520108216103
3.8314587658543537,274.0569967539726
3.179440120721287,354.0189097453841
1.5308243478952952,100.60201655589472
0.2868654709091225,380.4135990260472
3.353872374165413,178.22003548553303
1.8854601547473822,274.6291341017808
3.2378163119734618,221.6231073761699
0.4055723412056329,209.3722966995366
1.4006249770462271,381.2578751164964
2.005243699718183,267.2609159081676
2.046980593764742,324.2552717211501
1.5499345285207564,296.7155594784571
2.6228499323474987,333.3928579056185
0.9323795706174056,305.3775323742179
1.8576205149787066,210.19054430680012
2.120295631711899,369.7386773612998
2.514438834058749,265.4370391787081
2.7116148780888896,191.03926709381744
0.8753579081621308,270.03193873238615
0.4658858292643777,405.05318534440175
3.277676821898509,359.5155219479445
2.3323140119795918,275.5943505914499
1.2515134634434464,275.55196069771
3.551151975522523,277.48554641478324
2.1156746342928585,445.37235884925883
3.1792971840638264,326.7354816562087
2.067518481410109,330.10291530337486
4.060747924881987,372.11984178222895
3.7553408424432044,316.7152411318559
1.7510358515209266,281.8670497925508
2.9715709509543555,286.2555105640515
2.6453759495851474,294.98791184101555
3.368631557532349,297.3944434443111
1.0350765394198955,350.9340680545886
2.6860514599984393,303.63621200651096
3.058424486849588,351.28480540509054
0.24126051357688572,294.34983939239925
0.8167414873342249,305.50446332212636
-0.03923217776010057,160.12595208275246
1.7305931655554423,364.1429372291737
2.717542255795962,324.2541933128595
3.502357052096028,369.8607076901757
2.074094780419775,97.26212352644174
3.628615545571292,446.18622933465093
0.6198985417851086,290.2287260291378
0.29661756064484535,377.5727971716261
1.9444523011033812,227.20658510121285
2.384065448939307,342.89417335437986
1.9673052519059069,226.26091057784407
-0.0674421000398766,256.33617275129365
1.9108799604872115,433.98219477067505
0.6955304994951468,286.65223194656573
2.6696725488300386,315.2203011225806
2.3665982460968484,360.9047411482128
1.0601202136726449,334.6977321580823
1.4861330826633066,310.52932336005034
0.9407864781110484,325.54727017263576
1.937320902726828,468.2390909666792
2.9551423205012384,295.966684207649
1.0142739536644563,314.07693327004773
2.504046515517844,373.5458077205328
1.4697423816275592,377.3868153070589
1.2071271677376558,383.0921213892266
1.892969640045442,344.71111554204293
0.9647576775806259,219.98965610886614
1.446350694652818,414.3402072610767
0.8021221074111515,219.75582248869185
3.9647251329163895,321.1844825667323
2.035263551971729,247.20069049864495
1.3002744920074143,295.51031573849053
2.213979910734222,323.01336872124364
1.8876719503091701,322.49500508151914
1.779030400466777,329.5344527964699
2.614166700043425,412.9597888341053
2.757507710047305,331.7474011059786
1.4694988523894725,282.9090355296546
1.4241817593553199,367.486101780185
1.724948302848356,383.26293422472486
-0.30192116473558483,214.06745294041053
0.48480893780144774,341.81800488949006
3.3668742674445244,349.0820919617629
3.6449677135012837,279.17055476480056
1.7509639604436216,396.2994769318134
2.5765569630557663,289.4961089077231
2.311250154543536,308.79035174300793
5.078880808455238,287.8849723001291
3.1195749114345768,301.0905333307027
1.8720824085192334,223.26074391733587
1.0444595593995742,199.1964382183994
0.3935536797424275,411.615354425748
2.203463635867223,240.71270561771706
1.2436492547156965,230.6025355380585
0.5777462904023258,149.26269204773996
1.3534271157574733,255.27267766173486
0.918451996385605,207.3837144614751
3.6871416350725648,414.94106120954586
2.8816397569494505,370.6871962539844
1.9920273586833825,251.82947583755933
3.479944138890026,457.6705063741016
2.0773683076476184,368.7235840894116
1.1387157986717362,277.26180315439643
3.5231240772696575,125.04159995884987
2.5389100436846586,460.36598008135195
0.9627538456735436,202.72992732654828
1.8096613219163917,184.82208771301757
1.1243817466152428,371.5799302406748
0.6172002690356639,470.7826684437491
2.9261775475316414,396.8990972957363
3.9094166404701305,339.4736384036652
0.6014324261808588,341.63280391657
2.562969236690571,359.73908911462155
1.349357430878173,353.12500128507355
1.512874616235304,319.6833996778563
1.4076060757611308,307.2940772766313
1.1360092303201839,295.6184810470334
2.048521627944827,247.22247877933268
1.1690498835889622,280.3527446193258
2.270456825779839,181.49302300632303
1.9497618905508631,293.11622612436753
1.7610519531335902,230.7986224994358
1.0924363379584021,222.74874779489602
1.4232286694316674,312.5925905807435
2.755391225825756,397.44016004412197
2.5009171876243808,364.2821624201619
1.022444755201449,190.06495774637762
2.099332305429226,230.72603044007639
2.751387123371789,365.85398315917513
0.33059471887862824,231.22588245231833
2.543360192379935,284.2756795002083
1.3373762410541534,338.50364693171866
2.5705986685931594,232.21588815954553
1.2367408434574831,307.3762854302172
0.19511789933548096,206.61821535572568
0.37245756211683734,257.90426492341504
2.048084946661382,322.3847353899776
2.2597225017214817,188.49043865278315
1.0956833748955914,330.83323165722794
2.638592458777374,298.6253540751323
0.3384799377310401,338.6742968092003
1.9339202013526835,315.6739893845263
0.7889838002375433,395.4898300981691
1.348163892197841,308.7657151853535
2.047398671316414,269.9416121212323
1.1395866347160477,308.5608252122599
1.6154444557701746,338.03086203254713
3.0062928092144405,303.4202049227993
1.4231081304768511,302.8414183842718
2.835692112065142,250.86058185352712
0.8702931453423819,253.59693577143364
2.529804177915283,201.81763097402145
3.4415686206579004,422.47037202308576
-0.4716445001272893,212.92957352261004
1.203104744529523,251.49663615428648
2.57707212718054,249.71149141015619
1.7969546139570074,362.6447063861109
2.371145873371309,279.35352251955806
1.3960148132841794,387.3419450871614
2.0865897874729,252.85565630292922
1.8443227646079206,319.5295913556661
3.1677820616598074,241.525706271817
2.254420843301213,450.1604389441372
2.337602662075202,216.8681106679341
1.5881230338775327,321.68744971589194
1.5123937759275066,344.3643816652469
1.567441812180379,328.9659368216049
2.394452142378297,287.02986387856043
1.579015519179737,290.91255101866017
2.289774856896413,303.06680303853767
4.075400798645439,289.7098598860058
2.8711247034316925,367.4715381756437
1.673976467832159,454.7366101113946
3.201213922163945,260.97557504945166
1.5919246269784486,204.11379142946456
-0.03812453517785386,293.8202566154122
0.9919136890825959,480.5796536358023
0.12920807897414432,243.74278024211884
1.6484865159586914,414.7381763810847
2.018418379189552,417.4390569853508
3.676437312275283,261.2488230804404
2.3269273737641627,339.82881554296927
1.7808994711911357,413.98776361899763
2.8294055811834893,273.4610581308759
-0.21113530900788513,285.74937479283466
2.235614558108566,259.28233602359495
2.7708651938869666,228.96702885149932
0.5214137542201585,254.5505718453795
3.143754043206929,214.32418132664205
2.3384964074944143,302.38584277814584
1.5847120860991988,246.10187382589507
2.632781866106285,316.3650138253523
4.270692857804396,191.08730476574607
2.181866255058495,323.161616255012
2.248220586300336,358.34702731262473
1.540639100459756,160.43850501999813
1.1501556305352083,326.18395988933
2.8303358165442454,385.93682947313044
1.1439161740911328,215.32512869161562
2.0715662372193924,417.0800670786392
1.5223425532348833,329.33133065562316
2.478979825746392,250.64917009691138
2.3336621052869484,296.0961645639606
3.037539944257899,339.08288387652055
1.489983601145253,305.3203773988688
1.7301250647066286,337.71291947124587
1.0212362842176925,235.55284848444438
1.5557067399238884,311.85525768252546
2.377300493044852,201.0399852166514
2.756988616645352,292.214175705591
1.0778346758223747,236.7264650974647
2.86960592010566,248.51290401871634
3.355637858804951,386.5265222647306
2.413434903223701,376.39170844159884
3.8767958125580657,342.6396684635024
1.226210800896427,223.53810647291948
0.755345296688583,277.85140852136385
0.2212797510957214,384.91683899854286
3.4960443114891833,309.92018395479334
2.6543656563540576,462.3530677987186
1.944415329089545,327.53224875760606
2.2799686263198202,313.4434381543022
0.8745109527016235,278.3618475058249
4.445751979616826,309.3478633347598
2.1292211819752276,289.3271114533619
2.109394794604893,349.5676073682013
2.725766623898692,366.9691621756209
2.481009231736713,244.98073776444355
2.2238840242791316,206.81369325095554
1.2095255445546882,171.46562388276925
2.4714683571359957,335.55939288387805
3.882024496475034,222.76433756782885
3.3454200461549775,149.2976584933262
3.593186626639397,327.2005023171675
1.4887843235688147,474.5099662202954
1.010395179741419,299.57503619220745
1.8742130799003518,358.69435421161495
2.0557249122886945,305.72805509832955
3.0941915184709483,293.07772427662
0.30753537028518063,364.3353538091438
3.529550319460614,279.6807819067944
1.8419921014210106,318.7174619850332
1.5731189300525799,322.51884643372097
0.9878956247398325,253.23366824498657
0.34514332813423065,369.4429644675566
2.8231705839619146,287.7528170313214
2.073317967188404,247.09783883550088
0.7100391002589461,337.5556890499282
0.7049212279363839,237.1072412746274
1.6642153007098717,301.972681015839
3.669021525289393,299.3616702349058
1.7404086486363952,376.01268960821045
0.4968570468818938,333.2288763015967
1.7542569359140556,298.2481128878399
1.7272764302523296,357.2436409440201
-0.6968866429415717,397.31452843121195
1.9457051334821878,339.04672144463035
1.769065469791322,300.72468338903667
2.6962063648134182,208.17146373548883
3.848956094945345,225.44204358472393
3.1265650295477574,278.63427069517326
1.7311113094451693,257.3341458488502
0.8934740912583297,286.91200879101876
4.57335980324986,303.9654947427975
2.0592184340144883,337.0784928049712
2.0139292919129463,295.0650855358636
1.9758749128899966,334.05511506783415
2.198084760767855,304.5132090367084
1.8556395880760574,161.717340355229
1.4263379931197637,234.2465224326872
1.4531410587596079,289.9138710994869
1.9672467297840015,215.32136800112247
1.456575228866235,341.9950110997343
1.2871542173228356,407.1525582640588
2.106430227691897,385.3133296188122
6.7438685548837505,635.3239732450612
8.788871364219942,582.9587619674196
7.178400948642534,589.2339552523057
6.595496834658353,636.9933196356034
6.263916803750872,578.6822071100034
6.637036376214246,622.2834623324864
6.534187817750525,479.57467997415927
7.204499466850585,669.1964336635644
7.192688777259837,650.1084927826001
7.003655224184097,576.4620232038628
7.5243258036956195,709.3321101589164
8.428775529743609,734.3813123863903
8.139464962529589,505.3196122067923
5.218122437860115,581.3547699290407
3.935294638117654,580.7771885191431
8.121183893487128,565.4087209002022
5.359745561901494,724.6527357738573
6.73028151772878,632.5556475104477
5.595864368728769,626.193664282045
4.837623474903976,469.6523872033922
7.649755273845746,707.1876227188304
7.910986192363176,538.4667444631875
6.308187519127936,655.3939367239695
3.8907492494261082,674.9639244162372
6.344506662097021,772.4592736254785
7.470164806483056,532.2061640792799
5.225306117471046,378.24390597612575
7.220031903734987,666.5464590278325
6.981628180992406,812.0460063359768
7.695149799521306,761.5051717645493
7.143496442096984,668.8693473747163
5.832317270942133,605.7527432931157
8.43588580199739,722.6410336973579
6.809764512367636,562.3808420265979
6.967234552588081,692.8721992420598
5.8800784491121645,695.4923143249964
6.468061298570188,745.4188916748992
5.938236743167719,898.369403501997
6.792464728091892,685.317437046089
9.054050176170811,604.1932736863251
5.353718628482373,647.6983119027205
5.063726322547911,490.78316855997934
8.76540439299233,587.4758182019848
6.7488115874177605,613.1645805698206
6.1971127136081,602.8320441858866
8.247885624875291,663.7119384830349
6.273261352315763,575.982206085602
9.191211656256323,750.8927600592024
7.813511045607123,650.0186358426378
6.414506310225157,649.1629710975247
9.588769855918605,620.4894755138374
6.273142092395994,663.9671615473081
7.890514446411168,724.2588438200871
7.35915109648779,571.958280586019
8.562089547278557,590.7695159832269
8.873813436072224,622.6646574101002
7.03840497887892,528.8716168874107
6.09589855558458,576.2667926250651
7.55196657152694,607.1401213809806
6.186741556297473,728.6950262641454
9.416064697031947,673.6305196101732
7.163842397299285,667.423092023079
6.56161413842547,726.5808165951175
7.22161636703789,637.6365390440543
5.383448452564364,685.1418364936001
5.834063153787218,640.7100422360753
8.44049668953331,673.8826114459665
6.211726865234326,597.5517208149577
5.743706820781672,430.50645575512135
7.643983303032743,637.9148754032326
8.422844985595596,778.0473322489946
7.86274397279808,733.3593862017433
8.19525722296698,736.8857736132054
6.091845893716647,761.2517649625596
5.293827199909788,657.9791831865293
8.801600382346583,667.7584136665037
6.612784193389437,594.4113294109085
6.699000380253943,621.5534429575655
8.59383297021887,705.4194034794027
7.667476011280792,758.3495993451935
7.547065326497929,637.44983518871
9.598002813881301,609.4829661633729
6.227778123543828,650.0475162970938
8.113408153697485,704.1086074036203
7.068415749876501,520.0530665479812
7.322310734635908,443.34371421764854
8.834162111695038,600.4516835457575
7.6094029075475484,540.1358816677257
7.64595529485956,604.267382211742
8.287008804771762,636.6997713064276
6.562056724548538,609.2076431879289
5.992948399193192,780.722078102367
5.74622896717476,679.4070288142088
4.640372092748798,677.0426923649745
9.467448555928387,705.9986429639061
5.67614996113398,547.5050193997308
6.734495651697074,743.5200608678242
6.667824040133295,643.1812142118087
7.368888037370921,710.3432555517091
7.978884655047156,553.532849026386
8.032568186031694,510.1617110585542
6.300307073717274,723.6100692222526
6.799453943456307,683.8768573487765
7.33909594058596,568.8153601078241
6.701570648579743,571.7303226852775
8.928814691223991,751.2891305973293
7.589169941965902,542.9529296419405
7.881853343259781,797.8405657930367
7.795457522400895,568.9441338816919
8.40816862898239,707.4552733047544
7.217225870444448,620.4243371825913
5.443801662452984,704.2868687974109
7.47962554210317,601.0297398097226
6.218371727449805,635.3486384534935
6.365659981900292,653.6827257856149
7.703636822506112,559.8031289796675
8.485939685720362,716.6741910878113
7.025525892083274,603.8107790175574
7.370599615118756,629.4260076193983
9.042657933562285,560.5085562852339
7.2889038153862815,419.3899707084221
10.122019737016474,632.8075013659848
7.678611574757853,867.1353879451624
4.887084689013019,720.6143859108222
7.904009945325439,648.2665658239044
7.457390061859333,626.3398253712559
8.547703304899295,652.0219303530841
7.80781762152395,699.2407203657689
6.833852819219471,543.726846622204
5.530842116452761,750.2889525201984
6.74917209125677,714.384318389712
5.97937545494884,714.6367153137141
6.303371860234333,689.4628164928755
7.706294085304732,651.7654991924591
9.003885405221688,710.5575112370138
7.473605835787577,703.2632720367241
5.564940325557779,618.1363360153078
7.533523201864169,598.3758404392789
8.435957783974782,659.1670665735788
6.268260514816742,789.4118136345669
6.839179399992498,538.480363191149
7.017625833675036,517.9227260822804
6.058122024301312,664.8284757112865
7.777936520612631,654.5798931670416
6.854862221670662,665.6007497933367
7.503438932688433,671.955787811765
5.93500938663748,629.9117970828676
6.475050039611908,784.0877094741874
7.8668576293933254,505.9186419371136
6.552600217489879,575.4352677697779
9.072356621480086,640.7070715865857
6.520436577262477,502.1130069961249
7.269621670902263,634.1731036011136
8.119108998247707,799.5323149155216
5.2979611204803625,651.8797839466365
4.887029425623069,670.7630815146815
5.169212422515886,536.5851711344678
8.515100924112618,594.527473276447
6.337770224929064,616.2323257708457
10.069839142801904,621.405641291939
6.3229028816111335,765.3479415503392
7.221461563836445,700.1921954652612
8.850531943081451,549.9687838756671
9.407311465790947,672.1854300588805
9.473804291963678,694.8399573647107
8.45003947671177,752.6134134669139
8.228875030973755,792.2486617911536
7.71103233904142,558.6415227354918
7.934033291399965,577.0228239910696
6.33857714040576,536.8179926976845
6.018161339893231,628.9382126803716
6.995950651106858,691.9722537001701
6.795778452970086,738.8601064930192
6.45612634080727,643.164407872173
7.835664936948058,621.213722907064
8.146366250284613,663.6582193023867
7.106088263550217,574.8371388532979
8.773036097266314,838.0584849525296
5.6299730630397935,505.31050755937474
6.767608648864338,666.6266521006152
6.139813215276634,832.1245597306676
4.760156059512328,650.6119860103998
6.900783176988761,632.8964868498655
6.853902989940059,617.8299119470615
8.816139691890557,633.7647486413833
7.756974021465733,773.5563627208877
5.770975810804954,450.9324279803444
9.224911079601025,788.0090331166693
8.465240434630424,521.843856279487
7.698517244162339,626.0012903689027
6.728219081380201,611.3680021731204
5.848672915931824,702.9697942793648
6.553351868714737,506.16880833046275
8.306498343645023,691.5955399473748
9.261503567121531,832.1878660958167
8.851892233926627,527.3143395866471
6.413380693856471,667.0735550849356
5.656459080053187,590.4216039983052
7.169063496293445,688.3298485573732
4.8778727613245785,651.7232999674177
7.387801257021738,592.2661781860121
6.822876896441597,693.9085056383967
6.440756197758109,812.3913298808069
5.0863563192798456,632.8186587445431
7.61632012788366,714.7782147933364
6.360758992405707,533.6054337915953
5.596099797147654,563.9207260863792
3.553285344062021,692.516565009234
6.9669821139392365,783.5704425682368
9.126701916003693,682.0052013907094
8.993511057457443,621.8247772529161
6.451484492096474,649.9362264881019
6.277345527565863,537.4633039427255
7.562529107290029,704.406379371983
5.80193747297405,729.4099756091068
7.362150279783359,609.3118700450227
7.919296334061628,607.6962067016449
8.472319868661168,673.9290406686844
6.879815108224057,610.6952237563464
6.755591499787641,644.048064683676
5.9464208958921265,838.9749610249864
6.007743575152168,627.7676869328603
6.728225329718168,617.74938631809
7.440838608179414,591.7212374928357
8.096301551479899,716.9772774349943
6.036185259183586,633.6898244103708
8.791226282751426,591.5564265510717
6.674651678748917,768.9173629045711
6.9743592467818765,777.7642704062273
6.103345985022612,595.9618790835166
4.09091168767247,482.0114043775445
8.06085447563326,740.676232085323
7.88421267651092,588.3833156815997
6.662406931458144,721.1563039246491
7.080388860669847,472.6906564059348
7.619127061244919,730.3337604469378
5.124944971736149,540.9945263647297
6.365136787184446,715.7687707159872
7.9531176155461925,651.284576105279
5.4948526921969005,564.145452254302
7.352269518599956,613.3667318365898
5.3721018344519145,711.7686611261031
7.559715978920232,659.5305007803711
6.9572302212430195,702.5971682425236
5.061841820913388,827.8796526063937
8.397687225348605,509.21825494600535
6.118490107842341,795.5491317471761
6.027697075582743,659.3920343770892
7.240683036677131,569.1094356509185
8.378364819314458,530.2717736834909
5.781013817225924,632.979164830067
7.074015819817566,732.9485100732013
7.514579800396687,638.5205791660219
7.831726728715773,786.0039437222613
7.2117298663326705,519.3941878953597
6.559566593100013,648.911994693855
6.0068917352215365,537.2845900028193
7.1033726596556495,682.7268694362471
5.713433185617272,729.8198651087571
3.4943794198064713,612.1314385687052
7.5238717649892015,415.6207529035579
8.084721809303435,667.9053332116845
4.1644810773497944,689.3064696560159
5.788323154348075,686.3865279465527
7.742985113206237,761.2203972639938
9.46899456365404,553.6051688315856
7.024952449210489,711.2194494905405
6.126396470525039,757.3256761230177
6.780524270674192,489.92711743941345
8.649851702977822,678.768664332708
6.224842985050557,604.6238152093096
6.040969592019696,642.6629594208518
6.420707773381561,681.2908835184503
5.856005670089545,606.1494292297803
7.147204379193755,589.186272875455
8.949614150163473,653.0737175739222
7.387695127739235,552.1478655023477
6.6971757974484545,552.2757384003334
6.649826477301347,711.1435954660853
5.124171029564012,546.608536835721
8.05973173257659,709.968125081829
6.906595363584637,691.6332163568557
6.7834241036912495,494.6773944088463
10.831729081413833,589.019181289791
7.3585034900388235,757.4698462742635
6.097850739885779,561.6951021974287
6.488370884553348,608.2036163921551
8.378134851036105,691.5854803926707
7.135924492645318,720.5051458354336
5.27406642601916,627.3615002559953
8.103074721490245,596.2240824777523
6.198227097353207,778.0132875528657
9.247957331461055,806.5009697417821
8.296057678857577,738.0972245703616
6.463213725209498,657.6786328308522
8.537219634082135,577.2560850523166
7.0814266126328835,575.2600034099091
8.023328410146663,697.0262694739182
7.58167938075337,687.6558398799815
5.984372014010952,776.1438733651787
6.227740201219046,708.5405083282525
8.235952981097393,514.7227728416163
6.598269601472151,744.6752855950626
6.515621844109604,560.1745435417029
5.853852904780776,615.4425855242883
7.508318878712153,672.5180185626525
9.475029903091773,829.6100740805568
5.7189605028948725,929.8926700404825
7.02906334800731,704.6050753222564
8.694664666498515,633.5123043151651
6.904430330505142,698.1055083632496
7.542846155499681,729.8889883286453
5.7251277662237445,621.1399136998527
7.513968516649179,811.5690220321089
6.775426881994542,670.7063683272262
8.182875994815836,694.7968780182255
8.424863261877702,709.9331826849016
10.107476370422336,687.942794955301
7.695559807856291,725.5046450422651
7.3909555798986,594.4472132107769
7.233261161892803,599.7528421448573
6.576200448627174,550.9861190325474
7.40618061215403,689.5551107558204
6.645518307833164,720.1042853160902
7.202153171523537,691.1995579536697
8.581117042729552,800.7043190012783
5.792148921664431,649.4963583053858
8.367854273354855,710.1867490033261
8.580538080807838,551.7469211474618
6.858317767610705,615.161026777304
4.453774121189687,712.59839818092
6.270613615486681,726.419189966883
8.55639345587333,623.5429747102236
6.972558325241342,643.556067332774
5.800837321246107,513.3913627987272
6.3942700945261395,617.8673719274052
8.008744031805463,730.1344847167808
7.656080281841655,701.768451449591
6.713281480996367,695.0599149243088
6.559810705822375,654.4796318462865
6.529890221147414,650.6356842765359
5.893107778601797,590.5710974473898
8.93845082736333,712.8945578182281
6.613215436946392,687.8875649950451
8.460590224990597,694.2816963193519
8.825579262306942,602.6568641599177
8.197973077777553,456.199137211588
6.482055624738342,748.7437440578326
7.484476108403931,606.9046289592436
6.970965272330901,572.3501812361192
5.915557767123846,712.4131020722594
7.389231138065924,614.7188624072784
5.585152250608237,745.3942745641959
8.425215266153877,705.5305354619028
6.442459243241928,711.521239088043
7.241391587047407,527.0639859919519
7.339945445855371,759.074958684776
6.689314031555107,673.512547811047
7.70403256177033,616.7650574678418
6.430115612052971,662.9049620608026
8.045556756948693,490.13882903915123
5.384824383703902,686.7787530332604
7.151655495455694,557.3565642636136
9.326714798869942,528.2596742740819
5.799602410473311,512.9876732403898
6.186706035370178,750.1419537490933
7.616689419590698,593.366294567649
7.215498138327518,788.035493892485
7.420756119128271,601.7778683252932
7.587024556177196,496.3377838166348
7.761665762274124,549.5128004046206
8.331639810347468,761.2230458006245
7.491782388314215,635.9691639856999
6.710490814457749,600.6541433158459
7.807088441443278,664.4016403267509
9.279858321874258,695.160446255079
6.840839504340912,750.5658934312214
5.83056483439523,780.3649306903634
8.328496803144368,617.6208218789823
6.8555426032556825,530.6557082526166
4.392796544783156,612.7881354989051
8.016906012580506,673.4252455924598
6.357606176855293,563.261696641045
6.891360061235007,563.8564176594462
7.398376396682817,680.9409093394897
7.22859961573488,645.6212883586594
7.8513421805668475,652.9517295870428
6.477416355316188,581.7354198769938
7.615726957811299,629.263935721481
6.688543986899299,566.8190170158526
7.886572577065004,730.1178570012308
7.738440980815664,743.1724401251378
5.877473557546486,483.84309239857157
8.30317853941004,566.3440225826831
6.3568438658631425,515.3123670418929
7.969669357937374,591.4978459033791
7.440744776081608,642.4905827188675
9.205820412154146,519.5319302271323
6.731840821153778,567.0326168187219
6.580819844658163,559.6438365126651
6.976696472934721,668.6540596459049
6.63618426059887,656.2409903332625
7.95993028233046,585.0436201996472
5.060427269876095,665.9138784925458
5.735581097024375,600.7987923871461
5.7186364941049685,625.5510400706552
8.14036911036829,800.6106881268684
9.05273604709831,770.6414946611313
6.874660937755034,533.0376886765162
6.797413932171987,724.6759176091257
7.084062595735817,723.0256899042433
8.39425396312983,546.6563040122644
5.887176238971311,723.6899879379374
7.286042779281742,788.4138726571298
8.170237155738915,548.9709674380027
7.601313003927814,567.4247461087162
7.227497939918492,741.5895320159152
8.201255311080569,674.4345779743084
3.7561212484009157,699.6328647715571
7.813450383437089,680.6530294760447
6.215109180247092,685.162632883533
4.803240523772252,530.6175084520025
7.613443119429977,744.2585935959304
8.648390254195549,755.2630993184996
6.83506178244677,629.3548330338775
8.143449456643527,646.0870745167524
8.934733909586374,512.200324769985
8.577897344300856,696.2829280416051
8.96795743524567,701.485169754273
7.89055298928627,644.402808470062
7.090520366681911,751.1918023883452
5.077641025723398,619.9330492118054
6.704725014244062,700.8145333304241
5.98810408562057,558.2302095177096
9.605131260997377,647.8803064213186
6.7889370250811965,634.3081167887448
7.147845768141383,670.2777129836848
7.661782451248561,616.7425764049977
7.052322935646944,638.1674663895499
9.034061248516903,724.3442454297356
6.252820765918658,610.6912186485604
7.233528946284691,505.40806093351887
6.109035297162342,807.4625513784879
5.415972986535153,774.3308670821438
6.265877090913658,533.6963574404944
6.955555843541905,712.0737024720675
6.484837330579288,604.7322706503792
6.169094824151373,673.7138493797953
5.312419043593799,676.4801716112145
6.900273312845567,628.9032979715311
5.194335551162798,579.4610900972243
7.912067156427523,587.8513052915366
7.098927703521404,567.5427276066882
5.250938200642083,575.13600125926
6.628949107540164,643.953953895558
6.097412313291301,585.5816009800324
7.383009412503016,711.3846859141358
8.608540535227773,783.8521539802334
4.749793036425107,597.7952082766961
7.1380312949769005,671.5464050481839
6.807840645320032,694.971659927264
7.805608091740559,692.4802043827347
7.255835953885227,656.8359741124478
6.097636801913417,716.841417652375
6.617135277200058,693.4024057412591
6.044768971835813,538.6103819905431
8.291208566318318,728.2240457950346
7.025573978406331,729.8561753540068
9.281428822903608,581.3042506239276
6.927207023422455,653.4144051902841
6.149911879707445,711.4996093529962
5.183542728864607,631.1617562378575
4.836232388492866,746.568024298941
5.099036868393412,862.7485245157425
7.3205519812137805,579.2612570628515
7.6104700278759205,525.7059857161603
5.1025711575614405,677.3436736044388
8.074045976891338,714.940625461353
6.420326737979873,629.2220263539708
7.176151614382659,780.7934596988931
8.934664753906508,529.5254780249077
8.076207179038638,712.362676072845
6.6777632225130015,595.4725261316996
5.930569329501655,804.7440115586567
4.417821518404834,829.3263817851307
6.1370160169090955,581.0009070994987
6.746643713406766,600.5398577682278
5.81538456741858,727.3629098281822
6.842491639489234,615.1582415189437
7.092222259550522,645.9129903860986
6.730172821830306,652.2849578488169
6.2199969030118485,477.22941594221095
7.202385606360073,648.7546028515186
7.530328779483291,587.9245003342244
5.691521107068585,605.6189459840206
8.693118855695523,779.9268803121932
6.881694241258886,536.9143795148669
7.022619547533817,723.1884668073179
7.849857307907868,624.8933362701372
7.279859357516202,624.8215848353749
8.143763960695894,721.133470644654
7.344548998242189,680.6046165112001
6.265075150431475,701.3551697497578
7.433804230247322,737.1366194479575
5.627528551215206,620.1822455135009
7.130271646931828,594.8986938943025
6.960124011226647,552.3364526097981
6.750259771272952,575.7130523018941
6.845754986273283,915.4184982777853
4.741781145402833,762.0211622663109
6.341530110710846,528.4033070412781
7.111413881369337,530.9787838930787
7.19182767039688,693.3679455546642
5.76678983088885,699.253831764017
8.51884940903764,699.3995451785628
5.9605901821425995,627.0539785801672
8.163348640632083,638.709116599739
7.512633234246022,679.5091571743421
6.224527228187436,657.7303705663998
9.130373071131414,450.2629664527218
5.567635801892224,629.3180332482326
8.102985008332002,573.3734209165718
8.200698781651575,665.769027701766
6.195255749108026,918.6733102343069
8.670958360077194,683.0733498926874
6.699944182481257,621.7823282444842
7.346432355135828,732.9621351779527
7.312386206525465,693.4419098488291
6.8388295102353425,687.8085041406657
7.9729699277917385,704.6165533894103
7.952186464662655,835.0889208346587
4.901761632114184,548.2200408206676
8.565208291453782,692.626886913031
5.005009614357191,566.6256983016615
8.239055445209988,699.9961381708024
8.3520461641931,567.3182139662515
5.690840283741762,612.4369867755424
6.507022854454498,623.4419077185885
5.6731543978168775,737.8235047410238
6.742094763653518,732.6608999548173
6.630358858977111,537.8854361198254
7.935592638723207,654.9440699899864
8.572370495343531,586.1378130725744
8.674820572947947,536.7345580392199
6.325398368106038,630.4684654618067
6.748933751506566,622.2365490389762
4.97987416933486,868.404483771097
6.032955920204573,688.9663842824626
8.15782195971695,526.0144249321187
8.938699388257877,599.1703396246152
5.518781353744093,741.9244965886459
6.289042889016527,837.9598495582933
6.9683130916492875,507.2615018985838
7.336193390583528,480.8068053374859
6.028475776094025,818.3868657834604
7.508873253356907,685.0652759633814
6.431392783514901,571.853654131127
6.982657274946065,698.1166177510191
7.65554109760444,412.782703488481
7.007706723773126,650.3037955937444
6.476336931368118,679.5039055558776
6.868468235289003,733.1843125584047
6.893964448953597,558.7493642936716
6.555986764141447,657.7118445263023
6.689444724799477,566.7117836546372
8.91837660460566,672.9845380106885
7.673103337529486,569.4188309873279
6.645423618365007,613.2709244755802
7.836345285412882,560.3766144688793
6.599416612292788,708.6022617641291
8.40774956510397,727.2606004990998
7.443570630637713,628.8841487038328
6.8712374271949255,653.4414195464026
7.537260310972333,519.626772682981
5.1149486175178005,623.0291016793892
5.6478790373082335,645.481584466243
5.567289992321133,885.8713781926978
7.1715317137164485,549.9229676803253
9.07901799938211,781.7759514877193
9.677560175431159,739.7172896119228
7.765661321728908,675.2572764041123
7.601013369933348,808.275843577562
4.838730719016713,683.4894925346176
6.348791440319174,685.0243276101136
6.054659497710113,645.2191412284209
6.254982882098661,760.1211994176765
6.798227417698253,748.6822310429795
6.433491306763447,593.6890441253408
4.624840227549055,531.2677524861109
7.89749230734104,631.7317426343909
5.7127083691122325,577.9965292042118
7.28709623693338,644.282788284618
9.488899203699969,761.3694321215726
5.896738490096292,608.8428510421888
3.9636549727044046,646.1458956819582
6.656794933743867,655.2220461327556
8.321151561998285,726.3587793984756
9.350016945064713,447.7799599413855
5.5245404866570995,595.3969734711233
7.596039067883826,669.0155323051525
6.441627451863936,758.0071060784176
6.872861974835037,605.7287797244416
10.173212016420441,481.11025645623135
5.196435605925816,705.7740301369522
7.304487593793488,592.8173850056934
7.56123180611852,542.9300006818675
8.302943589927217,593.8089149258099
7.117579784165074,633.3927178109735
7.369660647404923,595.5729801915609
6.530021719093851,451.4990548610838
7.322952329494129,730.7359577198418
6.5881692694031075,764.738753715085
7.745886267827261,708.6369792205555
6.556467596747639,547.6082896617665
7.4525204726826235,631.8657619447234
6.964884623578026,649.4130816293488
8.3512603009266,703.891495060572
6.938327531693816,710.1506439846273
4.872361038151743,583.9243581099354
8.51430580085679,657.3796000772204
5.913121238964857,691.1552364153717
6.215480393621416,781.024008993209
6.285206447147809,713.405588584225
8.64932571180498,721.0151018637966
4.437190943225565,657.5443965136425
10.765298240391992,776.9413230683153
8.267268170879262,686.8786516363548
7.267886696954991,572.5020880843787
6.934127199260456,776.3032973112672
7.342664889829188,712.8112945285125
7.625346914055206,610.1260380984365
7.7742587031400685,606.8456329340681
7.666725359204138,676.6917990626686
7.1074968175062985,691.6866315740826
6.7631938956312085,667.7563039068086
6.818472059615786,678.0177806098596
6.766110063576782,802.9961637118743
8.360524116240477,746.4388837011397
7.7122680667370345,667.1572032138522
3.471533638402864,734.7179522690735
7.787080931835713,557.0728486825215
7.23368343366253,685.8134344952128
6.977549492264923,812.8375714759799
6.533777856293337,630.3758694146863
8.348935263983217,573.7129464242823
8.13703175454743,591.3120000266246
6.072546798611669,551.9330266391851
7.488462744549442,579.3714282685066
5.834011918550457,616.6542711268974
5.344458202253284,523.4989682739222
6.247939330492041,651.4056500554643
8.03487216685931,731.2049456407982
8.143750054451305,568.3019437867772
7.615702504116752,786.7355531277592
7.870114944217597,695.9712879674835
7.61941394453795,742.7522527061651
6.230222085732457,590.7948901533076
7.518307053608729,726.9072704359954
7.960491430273219,551.7259489644218
7.905149595776289,730.1222750752858
8.426696045769571,665.4655405814178
7.849964616641277,699.7926097986306
7.421737849049899,544.1964854937634
8.284180285979712,569.4437141951056
6.968174488901128,703.7505396428046
5.9417504185267385,564.6486796198219
12.694809438148685,1009.6525945662703
9.949293290309631,714.512425597112
13.272261319000002,1090.7806773816822
10.151215027847236,968.8885465072801
12.828449906519285,1067.9513574174953
12.938446400469001,738.9446701817863
10.954842272355638,736.1011013501474
12.87303985062709,882.1236828279243
12.390663395000335,960.3341312274233
11.191737215710893,1115.5632987512356
10.487167973885688,984.7294696578158
9.056061462491131,870.878246782556
12.52447507094954,776.8356950800929
9.652795842956918,1047.600068726298
12.143016299161962,784.2353489099143
11.604827675876626,1095.4162265726786
13.018714163157293,865.8738420472189
11.546931750765204,1090.869848714142
11.505828320479363,981.4717548071134
13.097806056432443,883.560541266905
12.502587043626177,837.6724353808648
12.474233935774167,859.0910547184704
12.70390138471279,951.3980030850284
9.696641815189341,909.258779546126
13.135183019980474,828.7426310317554
12.918703191020404,880.1242307618842
10.474975307135255,909.4292435662979
11.633879289488698,644.5519086702226
11.941039068558553,954.9801737746438
11.7982548233974,782.4334530339831
12.500789949852802,761.6001116153107
14.147050172746775,697.5186783467148
13.622650091509243,684.7329002558531
10.03167120985289,737.3462996265253
12.933104985459073,814.9174850843411
13.993399979303113,1134.3910965031882
12.580212781033804,836.8944388925755
13.63647063777895,921.3300127521637
15.018405668551148,948.0577663807594
13.535564319160471,915.7278223459018
12.373962893462593,890.7067847128808
13.56763271112713,756.5647483680907
12.217331749645338,1074.1113057935054
12.035854564927433,1116.8635972365462
11.4728786464294,698.0809567052777
14.345120038248162,777.1165690936344
10.772357001086998,866.4227589147592
14.298551587017174,784.255464610777
12.749796185610556,960.7158664147038
9.901040737797087,812.6073357112065
12.551473939487133,1159.8067281367923
8.849960238522563,1042.8658313212316
12.938262025246553,925.5088836758658
13.327847224483486,1023.2383515983679
11.11146606652192,1032.7080509228772
12.185321543933373,832.3263014330108
14.93123615062543,802.0539306549642
11.241379943607095,909.3771675563577
10.411638619415099,1003.3963349397533
14.222495103693898,916.6872478384101
14.943880785796193,710.7604221370804
12.00554350777177,803.6610667258989
13.517194553112535,891.1232563686747
14.012213873296322,890.9201274809004
10.886273651192424,1136.705061214777
11.272041246948197,733.6814469121202
13.846311769732102,960.6707090203049
14.527521418062765,1078.6935729993947
12.844321290261533,1172.5739694507356
10.680278469746918,851.4723092179247
14.980591667549161,958.9715343264239
11.203543653282054,968.3712428638377
11.497293328242822,923.4578077863949
12.513506751734432,888.1385758512832
14.331240631072161,952.3170467400055
13.280963964828336,596.1304697736377
12.622298250542865,981.8483388075158
12.69493279517716,915.1413484394361
12.0652720029652,873.3030123866082
12.837209271777759,1145.623463486347
8.205659883458544,819.0079177451337
11.555088811395303,851.6308813121963
12.361982902375171,1138.9863962645682
10.273478874570738,800.1526434180172
12.57948497671734,833.9861660476154
11.693293168520817,882.356949188298
14.633213547473236,1000.8881378555459
14.359529587822284,924.9363008823976
11.301291646322756,744.8849583417285
11.773743432649956,836.1397724247372
11.889078651587411,827.1174680145347
11.322510785760565,890.7334745732345
12.29253747604219,951.1012390355795
10.862576896668614,950.1846907065567
10.304076997593711,686.8785895141917
12.934066835850404,1027.6729185073027
12.944294376332717,930.3082615195948
10.793526360510011,1066.1438457112688
13.343033146143899,953.3037992748806
11.052633406252003,1032.1587549282915
12.379747857056971,955.9854373740152
13.230516018918685,1061.5470907443298
11.94958115294443,962.6700763221335
12.682111368211702,888.2501704268515
11.225355534168642,1172.6921664536258
11.705300124857855,1006.6844546735871
11.69121085367949,968.8493305205295
10.88013248018964,746.8434700153997
11.734838755326328,745.4030859043755
9.67707255170438,935.1258578570224
11.263269379286843,917.4625437321889
11.572686759945494,826.305292199002
11.61573037125693,916.9179239534471
11.637753831193832,1090.6352313652314
11.907353700209807,983.4482969460358
12.719162277129096,763.0789788296714
13.311775611198783,886.6189407428468
11.0253521597276,803.4040222976927
10.195198716916284,853.4760100309727
10.436933381635345,850.3661201244429
11.26919561820761,842.6825300875194
11.472118023275236,749.3837553631927
10.845005900703814,884.6814382178172
10.05582500362516,832.7270835783228
11.315818758788717,548.4661571997278
12.272139930170956,1146.3566429401994
12.892544198753347,1030.6523585060006
11.163865420337519,854.8439130090005
11.38050326678485,902.2582859688719
10.609952536729034,759.4014783218926
11.952841244437835,1103.4867453373038
10.727357048713777,1127.6746433727735
12.8596917198618,918.8032473895829
9.321200262098834,1022.8236773022413
11.460555491321307,921.0344134720708
12.451661008787614,739.5929473348883
12.275751774483757,850.5811957243611
16.039550495970744,915.8313560126348
12.524700036851861,845.4542737507867
10.493918104736984,873.7616067077956
11.856803629366391,889.0320530989063
9.335630499800322,890.2945802561446
11.87910037605486,906.271018859698
10.750415914498863,772.7273920324079
13.373085413340242,813.9580621046476
11.175689588106698,745.8498881160037
11.82485112630713,1017.337865962344
11.046663237893394,647.3223669791611
14.608277027779998,1038.430841198031
11.518135850823132,1066.3619276715413
14.748835565218803,863.7383295620855
13.2212276431774,587.6235494607242
12.72310009100308,856.6427325639252
12.55309972097628,892.2979006453417
12.590695947324377,778.7282136085304
9.108491130981585,838.1737927430108
11.581674908773865,1083.623423863602
13.267736956776481,979.7912594762089
11.926654224788841,789.052306274628
9.892215229794637,708.2880996485482
11.921393324133795,860.7579218868275
14.556158274383236,874.3851864779474
13.870337573302079,959.543902483598
11.906993985950953,835.761994491881
13.42717391558713,961.3799490434234
11.450239469447922,1132.2184848072275
9.44419261975992,997.8601226933115
10.613301017805668,894.2293791203073
14.344333152762296,878.0219434736047
11.589010377256043,857.1992238984154
11.634924030937473,1041.6769094942574
11.55024270558768,824.7223864858437
14.85620488435951,905.4267250799979
14.438938373043095,906.1437482257303
15.3281703501722,839.7858968626161
11.761432184399924,735.3041342539079
12.443436733120642,938.7569404341202
9.725036175868812,892.6795233773539
14.215401639177411,960.0288563323884
10.248330673098097,835.9679632273
12.325163345643944,1046.4985558575659
10.354046208550734,794.7871462545786
11.116699759891956,1105.444834082147
10.74410635342545,690.2836188206086
11.088187108986274,952.1724077468269
11.191315945276532,957.0516819031948
11.177596807612385,804.5331518470941
13.250000867670462,950.9272725433215
10.342705810406219,1053.5422403712191
12.3308121405208,633.9817392775122
13.826938728458337,960.3293768988977
11.230205453229907,600.8075015603906
10.923121663878597,784.120223577215
11.654213062229624,1095.4999637881133
13.769587812541065,830.1861559929536
12.291161446430037,759.1344042709233
11.203178558088602,876.2474725218382
12.72581497678206,1148.1487605796262
10.346561775245366,680.1981303352768
13.022039265664421,773.8428106032786
12.612910961552652,1079.6918019815553
11.538287293291674,1122.924281224528
10.742121302329153,887.5882530851659
10.669978616574815,751.3136756968029
12.802226004518864,1151.501220217099
13.843470753733593,1091.3330870099037
11.044038379456808,981.4736385314679
12.687580055327226,802.5117181275095
8.869459472096896,894.1164790994355
11.123073404014201,880.7567902746204
11.953411600693647,939.7021565538694
10.63547487452725,1074.1201725757603
10.595240437815606,1005.5300449364884
10.99833066529667,770.714870761829
12.43828909248956,1065.1795740023445
11.719006472390438,937.5758568015787
8.642653150012542,982.44789550307
8.8189497710474,1075.9849031134324
11.089702233214236,766.6103700583739
12.686529879080329,895.7009305552244
7.878742735912148,836.2254538368942
11.250404735772554,711.8568689561453
11.210628215223869,941.6051973125903
14.082506667312671,1201.3867861901308
11.422467282430704,679.1906706593097
12.574483477111393,896.1263266740635
12.211885710131195,976.8651522089729
8.8041502802892,914.7693841987417
13.152310824947605,886.4246336981112
12.323094758184432,744.0940363865011
12.762402959511885,927.9344091528196
17.88935655965449,809.1883227580888
8.873830590752117,637.2093954025736
14.587044974641662,1043.3510664616476
11.568828720899466,1015.0062983810451
12.430993356604514,906.1993172221296
11.931731632048137,927.4889625846843
11.363645499902935,1028.9181615258674
11.145250607641861,926.92075881337
12.494263103359513,1008.4821065713577
9.724239454992482,864.302135895138
13.125868751282649,1057.4380486288735
11.375708392672118,938.4942871119221
10.304895991439464,923.2862332327048
11.32498071300628,747.5926693545562
13.885723825293859,934.4347025162051
11.196997369475666,800.1654099006658
12.53768042731443,823.4060728165807
10.90356558642679,802.1549246020654
13.136882774885429,772.0518081720929
13.028261608185307,1154.9725683620354
14.772913249944617,1059.7606874386083
11.736654081751176,1130.4441002573112
13.00298220713686,753.2525976533324
12.147101309308416,908.5504499893071
13.943807672794522,744.7790849755086
10.921751418586904,816.5166147363523
13.117507969315922,789.824761990011
11.707954055824978,1048.7500807729873
11.903717734337253,852.4524386277889
12.13762872667256,1028.205520043282
12.378360594640016,972.4945067506221
11.825656435317063,1176.4366502525747
12.32206977475579,722.466693223233
14.367177086343277,1051.1079887744158
13.478174528422828,1037.5729044480872
13.303731888745345,783.1945394367558
11.316690710964194,1020.8560003767791
10.666138757657514,940.3373955631474
13.432950837356628,872.7028488055911
13.314070188794691,801.12774156336
14.209006013626473,813.7068658260977
11.094029061046156,1145.977451494311
11.65567701695948,900.0819382748979
9.540773756211848,993.8556001837751
11.41129334090869,805.0920741998937
13.49485576586917,806.4176464534033
11.300256931157703,1029.838177109993
12.960719692801236,738.0508546138161
11.714245341003283,850.1743478513674
12.48608554233234,904.0832893286679
10.2784629152765,913.3647122208063
12.127814174450851,878.5088057980613
7.513296043648915,947.4983737315108
11.719655762757023,983.1426906981374
9.55429013442729,988.1565054551196
13.808991774820225,781.7035429598608
13.166111029146768,865.9013882485443
12.700006472949122,1043.3715434252326
14.28150934073907,1007.3576625088647
10.576625218762745,735.2568658222723
14.621044796873338,942.1775880422642
13.398287346390577,662.6129700750228
11.645167069171581,905.6321882472444
13.703430220774417,1127.7320420095173
10.340559731382548,786.2528739277217
10.76322875770849,799.8812345410101
11.087115415140449,991.6835737887432
11.206533437903976,714.8638181748424
10.415163535859621,824.0693964137953
13.834624600642988,971.5729365098103
11.611718399445252,823.8856982772717
12.52875745253532,871.6836015346834
11.144472950379479,989.3022852378042
9.269095049177224,950.5855300243874
12.405086037587132,932.0182075554483
9.131617536870335,859.3053264875954
11.897048930871797,944.4073338322746
9.947527441750784,885.1520783880292
14.980913998846212,954.9366731910942
13.367044083262083,840.3681569858426
12.158630686907221,878.0917230744551
13.895560016482003,781.2050648937584
10.730526033801397,895.7990867992517
12.81521906800514,802.6798963645386
12.29971565057807,766.3144259805608
12.396030122000505,931.0393377426466
13.908530250160151,925.5287731029192
13.098738154169704,993.9448481938286
12.433085494237535,848.2649316509882
9.517668845657557,948.9663416204107
10.559930557080804,966.0957086728396
11.815936599606413,953.3728569397914
12.140058561414977,800.921558063743
10.304694412989114,917.9236178725426
15.617515013367631,943.6968355265593
14.27459108288036,900.861416028953
12.903177480588726,649.6226809954699
12.108055291925616,919.2587548768176
11.681686545148272,1165.5037247276691
10.572122309966646,856.7952877491621
12.116220777778294,812.6307482573615
12.386628810214127,944.8018271653677
10.137359136777564,937.4853852559886
12.501264625867346,1043.1282198499698
11.767111426762877,749.0558212909334
9.138288663183914,987.7656303089991
10.709422483830746,970.8506473501757
11.379591699867534,882.9424155671345
14.831531486010284,940.6424781506028
12.834829686800637,1023.5348977918029
9.996777646350163,1004.6778456034141
12.729054434126455,762.8376825511525
9.679044016592451,998.4189824106581
13.62403658083061,892.2373673960977
11.293313022273182,908.7448917618618
11.859545716891244,908.7836389202033
13.988694971313285,881.9708413442088
10.069254647123625,1043.0048996528478
9.904322722330512,889.9538448180946
11.124601010480992,765.6544645940198
13.557568276528976,852.7764172836326
9.720980886784737,921.4433660172571
7.751766602834147,1047.505774115646
11.323261712386502,972.37136219386
12.82761119986638,797.9357665503547
13.800392624608243,1198.222790001467
11.305257956871902,931.7730373173575
11.382860089325996,1053.0468885598818
13.730851101383621,881.7942679707326
9.19538745045687,964.0031093646539
11.417218837225485,1000.7362205422086
12.285635834887586,1046.1833654105108
12.673828081927551,1026.884196645387
11.235289960213676,1004.6636400087573
12.051661517558761,862.189592256707
8.267508969880517,831.3904749652727
11.012627381499227,939.9129012389037
12.680263068831701,1011.9753686809283
10.52655894861798,873.2735159068071
12.088476332384396,1027.8206358857265
12.670308751204047,1074.3140094583416
11.486176198713352,790.0414897111896
12.255695656494856,799.5695155444464
10.555901152073082,883.1549929313596
11.69008308045593,936.9135201827036
12.915324254383833,837.0519583479539
12.235459441452651,1062.2643214640573
11.120203095654096,950.8880233822141
12.33632460643619,904.7336457888888
13.071914685954926,727.6908571357767
8.925088082133783,742.1021020286992
13.738611097433846,933.7211100338168
11.495617891978393,644.0885248614196
12.638234899860345,1021.5164891572886
13.795870385467842,881.0215386753216
9.942489454154302,1289.171156351368
10.93583849635868,1176.9499500739332
11.567176956186444,878.226111690298
10.824369718313358,887.2395596962422
14.602404863755213,1019.4697816802436
10.714841859259812,1104.3807131901644
11.1666798307697,703.436513107678
12.306583547404465,685.6349441574376
10.196775710885866,825.3558233334743
11.406478932365605,969.9285099808637
12.476179891875264,959.6248308609116
11.500709393426233,1028.372574598062
11.859919711650077,756.0362965961631
11.206001831327443,622.0627364437348
9.72829453622885,1002.9617034362575
12.482389817008858,800.6164472441718
14.632399607470862,657.7814562733635
12.027602446175157,917.4076495151257
12.337896175871323,995.1810825862412
13.039084132675288,885.3531441454468
10.09600425517995,845.0581936581013
14.55377198719441,880.8765321424912
12.303493194634203,855.530068511906
14.447785348633664,738.23434656718
10.900450506714016,814.2383187611482
14.727092883836736,962.5535886016578
13.162733241052175,938.6014249651801
12.829560128778537,920.1671767160184
12.351036681529722,780.5821821775944
11.627207072888327,878.21962054372
13.80079748771081,638.7521944268574
12.21053980477207,921.4171996662468
9.049395444619272,1071.462924937628
10.324220307439496,723.1041441549473
11.721231371710878,829.6886792018694
12.464998474748333,939.4928134452156
11.915117266650157,1050.3411161312981
13.828456184690495,846.2130460439821
9.073347203942063,816.9299604880924
12.21538190475774,663.72922291007
9.273031161919267,912.4125755169728
13.139568443226253,1145.0491248172493
11.858311928336995,933.2830154357611
12.629414958036177,897.3265224979544
10.70417555911535,938.6498772920382
13.919197397486627,898.6689595261678
13.562586996088276,802.4382753287844
12.875316454517831,998.7935898813246
11.805724129704839,927.0913827734105
12.869785927942699,902.1135902320389
10.939661148018978,782.95607672661
13.283333488531069,1056.420951832171
14.474221341485881,979.7643294399732
13.60591583996878,833.6494995159237
10.905596295288886,1020.2189824418325
12.542125975909654,840.2914993937751
10.060287684362029,806.1595808986756
12.858585466763513,808.8356259023656
12.675905119293809,687.4717736294291
9.195275490701754,956.5850856501847
10.257324234131454,680.2626145993979
11.57529165488435,752.5867402481085
11.54871037928876,650.929438910576
10.185784596871791,889.6716368650929
12.583468094028275,881.9615447673754
12.377210413410769,860.7964544176364
11.708596302032221,774.8906766395309
10.866312749762455,759.3319495876032
13.573060689624846,955.7243836255889
14.483110669632442,833.9337681949814
11.274657774230194,937.9629985843374
11.081749624267768,793.7701576650933
12.736811498117994,921.7275291325299
11.46295593037952,1056.3933644779277
11.79090419900515,970.3398960471341
13.109479727587008,850.5103418140224
9.13596586873906,930.8638764427113
13.977453487279003,871.1201790563745
12.109020786494012,900.9456221633674
11.38276028315673,860.9266737421796
11.866148768667827,880.279775293753
11.943644032530779,925.451202368901
9.403198044832612,780.7969560501659
14.242407341179854,778.0945407612026
12.061988448405927,733.3748935402547
12.664503195671063,707.9674674595549
13.427324655861064,753.9260769335425
10.46825631365955,919.1355008164956
12.710207848552843,792.865498140974
11.59853836365181,961.6337357077316
13.27015616282474,904.1656498503074
8.809158869472757,663.7794943874335
11.851358549638096,978.5970701066028
11.095769016324057,997.2958374710051
12.648394425951233,780.7364790198176
12.705066281052304,950.422985147399
10.93856115776696,797.2202115108961
10.931739203735935,911.7204452098002
11.834001947164007,748.2601911654042
10.655036659027187,684.8272256958508
13.26297554317819,854.0619372464438
11.446189199328831,885.1525264470197
7.639517671017538,852.2784367662475
11.437766915067291,757.9163330132928
10.442184268734042,852.0121125442636
9.553086276808582,932.3153703096881
10.143860042666141,894.6128363852955
12.164112707749455,921.9001236719056
13.992961242372347,819.5861759454921
12.46977671079747,1040.606149765939
11.09024491767639,758.8591996134263
12.683856292756055,958.5072356504062
11.311364534671512,1041.8269311551953
10.958099446255282,957.7089711298675
10.268455997650523,875.6970927522204
9.372256789872422,836.6043544004425
11.415114440160831,1024.3305181255507
12.237080234880198,729.2430089685993
11.855064494977665,783.5850887544427
11.376049608078961,852.2930681409935
10.581380908954829,1048.5184509014398
12.912369287527452,945.5721163249075
10.024302120080122,783.8345089787706
13.164041870765214,862.7630753538116
10.496674471609913,826.2812227084447
10.871347143970448,814.8253209319757
9.799822214076485,1017.4667470268134
11.247896779671546,735.3908244883794
13.462968687716968,1093.0537026881248
12.773442132665934,999.3875628221547
13.467633168042052,1030.9034004724438
12.783213818900904,844.447258556969
10.344495257204446,882.0071137105069
11.503816163508663,728.0217822570346
10.829701306323805,837.0405111519837
13.99586235605856,959.2385817171781
10.204817030360532,1055.5275674137674
13.340546534083666,767.1411819837058
13.339430805163154,856.1392875617681
14.74443030257413,881.8440935720973
11.385470111055755,732.5052957369018
13.068483239370243,970.9619090110081
15.422477754808265,813.1211601908869
11.073537484599456,876.5531578587571
9.69743962870146,845.7660753705746
9.179984949138355,805.2793793136391
13.069068043291997,899.1546017423334
9.175274687912125,874.1268505718373
11.441521420593116,855.3770541265601
12.655969780558442,812.5846053983589
12.277763305244871,938.3429604939547
12.638167296276258,1098.434072219074
12.33343478370128,916.7864679406953
13.918298719970089,1019.5341857893354
10.571525428891805,733.1733689815844
10.984507292312204,918.9313727152523
10.841010832093763,768.3158017234721
13.245287717793914,722.7690086961718
13.350597882592595,811.2754311049157
12.676837978977762,1043.0279201296287
13.775240500334892,1014.0018994403574
10.23293869893543,929.160566646528
14.500836167326705,716.0759328132083
14.284857932568388,876.4463218334475
13.10343299586862,936.2040010682083
14.67269836315659,921.0643475494318
9.515065188483339,678.7447699823106
11.213327795606022,793.1618582376154
10.897044808977071,892.310668302154
13.082218985636015,964.3549091420628
10.424788890596782,636.4646614680064
13.136242724006228,880.545122942417
14.055804215995071,917.1658523854743
13.042804350126,1001.9534386219456
12.425626535492253,983.1429101084924
10.518189988648876,969.9085582570566
10.729723550811952,804.0071391957679
13.874428357945,671.0397435452031
13.169023505857998,852.8336691526318
11.941470720933683,1020.1958190250272
11.373135681351163,1067.2145433029318
8.961288190332935,985.2658922757342
10.393721371973342,951.5208987362081
14.867128630709585,945.5567578063159
10.0793166434963,833.2657503887064
12.284219731831621,884.3927647735655
13.511165959792798,1100.2883430991596
10.11761599799656,786.8930393049749
12.277065712171625,1093.7734548851822
13.406873306265982,861.356621460953
12.018748982860876,1059.0518530914094
16.302604583500152,731.1821988602954
9.497101111682706,970.3085041397579
13.588092794825819,811.5875836862854
11.740797393905304,730.1679369690975
13.157880232255012,926.2240850893135
12.66196072754887,1021.1366146315163
10.900265704335006,798.6070273687805
12.34349458868901,720.1180847449918
9.21314782290257,888.9786282798054
12.904871250857092,889.5077605467383
12.447237698985788,965.7983553065399
12.957990252964654,1013.9513485637386
13.587177487630726,892.8701782473007
12.551429760314566,1122.6603977753116
12.222134129697414,926.908169344235
10.678397495008062,858.4288192791721
10.931668854526423,706.6119169076607
13.780101930265996,868.4808575620599
14.154503108558968,859.6335665506637
11.642834345531918,1015.2365755537764
12.069004120879912,955.4980348880225
10.64307843750935,758.4757054040859
13.759135267901167,920.6705263693245
12.998125235537668,980.5837406074864
14.911826154695625,1083.3637631265399
10.682515384230392,1006.5004760896871
11.432988151472674,991.3015985173773
12.347168883788358,907.2103193538196
12.969734306588656,946.597440650814
11.676498543678552,1049.940588084739
10.69055836431945,740.066712302442
13.322111293385356,858.0672807339653
13.081703043818372,807.2917501492511
10.625588849154413,945.4983742471348
14.033164201658243,1047.6266610780945
13.755298063794905,828.3630855934712
12.20144474587169,613.1634759036674
12.119396793564055,850.5335105970636
12.831086656673861,1009.6168478420888
10.707445394615613,964.5155883539855
12.045047218746124,951.3823497372691
8.771424683086229,866.4008037750624
13.314683468254403,746.5163116536256
9.65776016633721,961.8353185949361
14.255129742643499,799.886182795845
11.504819859050325,1162.0916080056547
11.682499527103234,968.4608650025419
11.058399140873242,830.3222036935259
11.567941689116886,826.6337703133646
14.127797017722056,888.8466952063694
8.26828701519738,871.25976935739
13.915448079132283,1034.0200530635946
12.507035221652561,922.3699403692856
10.189467528214177,812.2041913309766
10.387031410426143,1126.852882218694
14.514589540812304,905.9169997824267
10.581739680085903,992.2607611162676
10.26997423410606,827.0128191066289
13.705971813547094,943.5738753293429
12.507829314428871,937.3331989371834
10.593111635195402,673.2420849484616
12.324937463106929,1141.833013255277
10.461370974539584,1054.8773353107056
13.651232097633908,852.3365620624814
13.5920564473097,767.7276311452973
12.798009298232914,941.7073936564262
12.542491591870524,910.4037239297276
14.641782187301061,942.6802738275875
11.999529491082338,922.9892875432907
10.227188811868798,960.7489187167112
12.67421086924846,1073.6766839270167
15.12907057430567,968.1723846154375
10.477860760221223,774.041340130807
11.457805849959021,1063.5075423254943
12.624669057152179,1096.8737476185945
11.91914272649139,1278.2468081414502
10.526544629434028,765.1807160112483
13.682786784345707,929.145841578033
15.48006108302589,650.1481556173215
12.294197188535861,966.377898765505
10.643897565396,834.2159642199873
9.676559212419788,1130.8134953789945
12.386963971831772,807.0462035977702
13.655816014974386,697.2980354439286
12.712751619743072,843.4483511156976
11.996394238621718,662.9414674539435
11.116092522316041,990.1319345408772
10.361754550922866,652.1900344492415
13.252126989487323,903.414909741979
